combination,overall_accuracy,joint_smoothness,contextual_continuity,grammar_integrity,word_completeness,redundancy,content_loss,joint_readability,average_score
batch_test,7.666666666666667,7.0,7.333333333333333,9.333333333333334,8.666666666666666,5.666666666666667,2.6666666666666665,6.666666666666667,6.873333333333334
